{"time": 1.6585750579833984}
{"time": 1.4941706657409668}
{"time": 2.056938886642456}
{"time": 1.6112263202667236}
{"time": 1.5525314807891846}
{"time": 1.51759934425354}
{"time": 5.238959312438965}
{"time": 1.5905101299285889}
{"time": 1.4691333770751953}
{"time": 1.464289903640747}
{"time": 2.5242621898651123}
{"time": 1.899885654449463}
{"time": 1.535813808441162}
{"time": 1.593428134918213}
{"time": 1.5195374488830566}
{"time": 2.0920395851135254}
{"time": 1.5790157318115234}
{"time": 1.5493130683898926}
{"time": 1.8554315567016602}
{"time": 1.8108704090118408}
{"time": 1.7042298316955566}
{"time": 1.498776912689209}
{"time": 1.800884485244751}
{"time": 1.6479928493499756}
{"time": 1.6403825283050537}
{"time": 1.5519914627075195}
{"time": 1.506809949874878}
{"time": 1.5060272216796875}
{"time": 1.6318089962005615}
{"time": 1.461165428161621}
{"time": 1.7883648872375488}
{"time": 1.580270528793335}
{"time": 1.5509490966796875}
{"time": 1.732964038848877}
{"time": 1.6430656909942627}
{"time": 1.2442731857299805}
{"time": 1.700422763824463}
{"time": 1.6513428688049316}
{"time": 1.4465041160583496}
{"time": 3.7099030017852783}
{"time": 3.601762056350708}
{"time": 3.93410587310791}
{"time": 1.4258298873901367}
{"time": 3.186436176300049}
