{"time": 1.6585750579833984}
{"time": 1.4941706657409668}
{"time": 2.056938886642456}
{"time": 1.6112263202667236}
{"time": 1.5525314807891846}
{"time": 1.51759934425354}
{"time": 5.238959312438965}
{"time": 1.5905101299285889}
{"time": 1.4691333770751953}
{"time": 1.464289903640747}
