{"time": 1.6585750579833984}
{"time": 1.4941706657409668}
{"time": 2.056938886642456}
{"time": 1.6112263202667236}
{"time": 1.5525314807891846}
{"time": 1.51759934425354}
{"time": 5.238959312438965}
{"time": 1.5905101299285889}
{"time": 1.4691333770751953}
{"time": 1.464289903640747}
{"time": 2.5242621898651123}
{"time": 1.899885654449463}
{"time": 1.535813808441162}
{"time": 1.593428134918213}
{"time": 1.5195374488830566}
{"time": 2.0920395851135254}
{"time": 1.5790157318115234}
{"time": 1.5493130683898926}
{"time": 1.8554315567016602}
{"time": 1.8108704090118408}
